Instruction Count, 0-0-0 Time
2, 0-0-0 0:00:00
2, 0-0-0 0:00:00
2, 0-0-0 0:00:00
2, 0-0-0 0:00:00
2, 0-0-0 0:00:00
2, 0-0-0 0:00:00
3, 0-0-0 0:00:00
4, 0-0-0 0:00:00
4, 0-0-0 0:00:00
5, 0-0-0 0:00:00
1, 0-0-0 0:00:00.010000
1, 0-0-0 0:00:00.010000
1, 0-0-0 0:00:00.010000
1, 0-0-0 0:00:00.010000
1, 0-0-0 0:00:00.010000
1, 0-0-0 0:00:00.010000
1, 0-0-0 0:00:00.010000
1, 0-0-0 0:00:00.010000
1, 0-0-0 0:00:00.010000
1, 0-0-0 0:00:00.010000
1, 0-0-0 0:00:00.010000
1, 0-0-0 0:00:00.010000
1, 0-0-0 0:00:00.010000
1, 0-0-0 0:00:00.010000
1, 0-0-0 0:00:00.010000
1, 0-0-0 0:00:00.010000
1, 0-0-0 0:00:00.010000
1, 0-0-0 0:00:00.010000
1, 0-0-0 0:00:00.010000
1, 0-0-0 0:00:00.010000
1, 0-0-0 0:00:00.010000
1, 0-0-0 0:00:00.010000
1, 0-0-0 0:00:00.010000
1, 0-0-0 0:00:00.010000
1, 0-0-0 0:00:00.010000
1, 0-0-0 0:00:00.010000
1, 0-0-0 0:00:00.010000
1, 0-0-0 0:00:00.010000
1, 0-0-0 0:00:00.010000
1, 0-0-0 0:00:00.010000
1, 0-0-0 0:00:00.010000
1, 0-0-0 0:00:00.010000
1, 0-0-0 0:00:00.010000
2, 0-0-0 0:00:00.010000
2, 0-0-0 0:00:00.010000
2, 0-0-0 0:00:00.010000
2, 0-0-0 0:00:00.010000
2, 0-0-0 0:00:00.010000
2, 0-0-0 0:00:00.010000
2, 0-0-0 0:00:00.010000
2, 0-0-0 0:00:00.010000
2, 0-0-0 0:00:00.010000
2, 0-0-0 0:00:00.010000
2, 0-0-0 0:00:00.010000
2, 0-0-0 0:00:00.010000
2, 0-0-0 0:00:00.010000
2, 0-0-0 0:00:00.010000
2, 0-0-0 0:00:00.010000
2, 0-0-0 0:00:00.010000
2, 0-0-0 0:00:00.010000
2, 0-0-0 0:00:00.010000
2, 0-0-0 0:00:00.010000
2, 0-0-0 0:00:00.010000
2, 0-0-0 0:00:00.010000
2, 0-0-0 0:00:00.010000
2, 0-0-0 0:00:00.010000
2, 0-0-0 0:00:00.010000
2, 0-0-0 0:00:00.010000
2, 0-0-0 0:00:00.010000
2, 0-0-0 0:00:00.010000
2, 0-0-0 0:00:00.010000
2, 0-0-0 0:00:00.010000
2, 0-0-0 0:00:00.010000
2, 0-0-0 0:00:00.010000
2, 0-0-0 0:00:00.010000
2, 0-0-0 0:00:00.010000
2, 0-0-0 0:00:00.010000
2, 0-0-0 0:00:00.010000
2, 0-0-0 0:00:00.010000
2, 0-0-0 0:00:00.010000
2, 0-0-0 0:00:00.010000
2, 0-0-0 0:00:00.010000
2, 0-0-0 0:00:00.010000
2, 0-0-0 0:00:00.010000
2, 0-0-0 0:00:00.010000
2, 0-0-0 0:00:00.010000
2, 0-0-0 0:00:00.010000
2, 0-0-0 0:00:00.010000
2, 0-0-0 0:00:00.010000
2, 0-0-0 0:00:00.010000
2, 0-0-0 0:00:00.010000
2, 0-0-0 0:00:00.010000
2, 0-0-0 0:00:00.010000
2, 0-0-0 0:00:00.010000
2, 0-0-0 0:00:00.010000
2, 0-0-0 0:00:00.010000
2, 0-0-0 0:00:00.010000
2, 0-0-0 0:00:00.010000
2, 0-0-0 0:00:00.010000
2, 0-0-0 0:00:00.010000
2, 0-0-0 0:00:00.010000
2, 0-0-0 0:00:00.010000
2, 0-0-0 0:00:00.010000
2, 0-0-0 0:00:00.010000
2, 0-0-0 0:00:00.010000
2, 0-0-0 0:00:00.010000
2, 0-0-0 0:00:00.010000
2, 0-0-0 0:00:00.010000
2, 0-0-0 0:00:00.010000
2, 0-0-0 0:00:00.010000
2, 0-0-0 0:00:00.010000
2, 0-0-0 0:00:00.010000
2, 0-0-0 0:00:00.010000
2, 0-0-0 0:00:00.010000
2, 0-0-0 0:00:00.010000
2, 0-0-0 0:00:00.010000
2, 0-0-0 0:00:00.010000
2, 0-0-0 0:00:00.010000
2, 0-0-0 0:00:00.010000
2, 0-0-0 0:00:00.010000
2, 0-0-0 0:00:00.010000
3, 0-0-0 0:00:00.010000
3, 0-0-0 0:00:00.010000
3, 0-0-0 0:00:00.010000
3, 0-0-0 0:00:00.010000
3, 0-0-0 0:00:00.010000
3, 0-0-0 0:00:00.010000
3, 0-0-0 0:00:00.010000
3, 0-0-0 0:00:00.010000
3, 0-0-0 0:00:00.010000
3, 0-0-0 0:00:00.010000
3, 0-0-0 0:00:00.010000
3, 0-0-0 0:00:00.010000
3, 0-0-0 0:00:00.010000
3, 0-0-0 0:00:00.010000
3, 0-0-0 0:00:00.010000
3, 0-0-0 0:00:00.010000
3, 0-0-0 0:00:00.010000
3, 0-0-0 0:00:00.010000
3, 0-0-0 0:00:00.010000
3, 0-0-0 0:00:00.010000
3, 0-0-0 0:00:00.010000
3, 0-0-0 0:00:00.010000
3, 0-0-0 0:00:00.010000
3, 0-0-0 0:00:00.010000
3, 0-0-0 0:00:00.010000
4, 0-0-0 0:00:00.010000
4, 0-0-0 0:00:00.010000
4, 0-0-0 0:00:00.010000
4, 0-0-0 0:00:00.010000
4, 0-0-0 0:00:00.010000
4, 0-0-0 0:00:00.010000
4, 0-0-0 0:00:00.010000
4, 0-0-0 0:00:00.010000
4, 0-0-0 0:00:00.010000
4, 0-0-0 0:00:00.010000
4, 0-0-0 0:00:00.010000
4, 0-0-0 0:00:00.010000
4, 0-0-0 0:00:00.010000
4, 0-0-0 0:00:00.010000
4, 0-0-0 0:00:00.010000
4, 0-0-0 0:00:00.010000
4, 0-0-0 0:00:00.010000
4, 0-0-0 0:00:00.010000
4, 0-0-0 0:00:00.010000
4, 0-0-0 0:00:00.010000
4, 0-0-0 0:00:00.010000
4, 0-0-0 0:00:00.010000
5, 0-0-0 0:00:00.010000
5, 0-0-0 0:00:00.010000
5, 0-0-0 0:00:00.010000
5, 0-0-0 0:00:00.010000
5, 0-0-0 0:00:00.010000
5, 0-0-0 0:00:00.010000
5, 0-0-0 0:00:00.010000
5, 0-0-0 0:00:00.010000
5, 0-0-0 0:00:00.010000
6, 0-0-0 0:00:00.010000
6, 0-0-0 0:00:00.010000
6, 0-0-0 0:00:00.010000
6, 0-0-0 0:00:00.010000
6, 0-0-0 0:00:00.010000
6, 0-0-0 0:00:00.010000
6, 0-0-0 0:00:00.010000
6, 0-0-0 0:00:00.010000
6, 0-0-0 0:00:00.010000
6, 0-0-0 0:00:00.010000
6, 0-0-0 0:00:00.010000
6, 0-0-0 0:00:00.010000
6, 0-0-0 0:00:00.010000
7, 0-0-0 0:00:00.010000
8, 0-0-0 0:00:00.010000
8, 0-0-0 0:00:00.010000
12, 0-0-0 0:00:00.010000
12, 0-0-0 0:00:00.010000
13, 0-0-0 0:00:00.010000
2, 0-0-0 0:00:00.020000
2, 0-0-0 0:00:00.020000
2, 0-0-0 0:00:00.020000
3, 0-0-0 0:00:00.020000
4, 0-0-0 0:00:00.020000
4, 0-0-0 0:00:00.020000
4, 0-0-0 0:00:00.020000
4, 0-0-0 0:00:00.020000
5, 0-0-0 0:00:00.020000
5, 0-0-0 0:00:00.020000
5, 0-0-0 0:00:00.020000
6, 0-0-0 0:00:00.020000
6, 0-0-0 0:00:00.020000
6, 0-0-0 0:00:00.020000
6, 0-0-0 0:00:00.020000
6, 0-0-0 0:00:00.020000
7, 0-0-0 0:00:00.020000
7, 0-0-0 0:00:00.020000
7, 0-0-0 0:00:00.020000
8, 0-0-0 0:00:00.020000
8, 0-0-0 0:00:00.020000
8, 0-0-0 0:00:00.020000
8, 0-0-0 0:00:00.020000
8, 0-0-0 0:00:00.020000
8, 0-0-0 0:00:00.020000
8, 0-0-0 0:00:00.020000
8, 0-0-0 0:00:00.020000
8, 0-0-0 0:00:00.020000
8, 0-0-0 0:00:00.020000
8, 0-0-0 0:00:00.020000
8, 0-0-0 0:00:00.020000
8, 0-0-0 0:00:00.020000
9, 0-0-0 0:00:00.020000
10, 0-0-0 0:00:00.020000
10, 0-0-0 0:00:00.020000
10, 0-0-0 0:00:00.020000
10, 0-0-0 0:00:00.020000
11, 0-0-0 0:00:00.020000
12, 0-0-0 0:00:00.020000
13, 0-0-0 0:00:00.020000
14, 0-0-0 0:00:00.020000
14, 0-0-0 0:00:00.020000
14, 0-0-0 0:00:00.020000
15, 0-0-0 0:00:00.020000
15, 0-0-0 0:00:00.020000
15, 0-0-0 0:00:00.020000
16, 0-0-0 0:00:00.020000
17, 0-0-0 0:00:00.020000
17, 0-0-0 0:00:00.020000
17, 0-0-0 0:00:00.020000
18, 0-0-0 0:00:00.020000
18, 0-0-0 0:00:00.020000
2, 0-0-0 0:00:00.030000
3, 0-0-0 0:00:00.030000
3, 0-0-0 0:00:00.030000
3, 0-0-0 0:00:00.030000
5, 0-0-0 0:00:00.030000
5, 0-0-0 0:00:00.030000
5, 0-0-0 0:00:00.030000
6, 0-0-0 0:00:00.030000
9, 0-0-0 0:00:00.030000
10, 0-0-0 0:00:00.030000
10, 0-0-0 0:00:00.030000
11, 0-0-0 0:00:00.030000
11, 0-0-0 0:00:00.030000
12, 0-0-0 0:00:00.030000
13, 0-0-0 0:00:00.030000
13, 0-0-0 0:00:00.030000
13, 0-0-0 0:00:00.030000
13, 0-0-0 0:00:00.030000
13, 0-0-0 0:00:00.030000
13, 0-0-0 0:00:00.030000
14, 0-0-0 0:00:00.030000
14, 0-0-0 0:00:00.030000
15, 0-0-0 0:00:00.030000
15, 0-0-0 0:00:00.030000
15, 0-0-0 0:00:00.030000
15, 0-0-0 0:00:00.030000
15, 0-0-0 0:00:00.030000
15, 0-0-0 0:00:00.030000
15, 0-0-0 0:00:00.030000
16, 0-0-0 0:00:00.030000
16, 0-0-0 0:00:00.030000
16, 0-0-0 0:00:00.030000
16, 0-0-0 0:00:00.030000
16, 0-0-0 0:00:00.030000
16, 0-0-0 0:00:00.030000
16, 0-0-0 0:00:00.030000
16, 0-0-0 0:00:00.030000
16, 0-0-0 0:00:00.030000
20, 0-0-0 0:00:00.030000
20, 0-0-0 0:00:00.030000
1, 0-0-0 0:00:00.040000
1, 0-0-0 0:00:00.040000
1, 0-0-0 0:00:00.040000
1, 0-0-0 0:00:00.040000
2, 0-0-0 0:00:00.040000
2, 0-0-0 0:00:00.040000
2, 0-0-0 0:00:00.040000
2, 0-0-0 0:00:00.040000
2, 0-0-0 0:00:00.040000
2, 0-0-0 0:00:00.040000
2, 0-0-0 0:00:00.040000
2, 0-0-0 0:00:00.040000
2, 0-0-0 0:00:00.040000
2, 0-0-0 0:00:00.040000
2, 0-0-0 0:00:00.040000
2, 0-0-0 0:00:00.040000
3, 0-0-0 0:00:00.040000
3, 0-0-0 0:00:00.040000
3, 0-0-0 0:00:00.040000
3, 0-0-0 0:00:00.040000
3, 0-0-0 0:00:00.040000
3, 0-0-0 0:00:00.040000
3, 0-0-0 0:00:00.040000
3, 0-0-0 0:00:00.040000
3, 0-0-0 0:00:00.040000
4, 0-0-0 0:00:00.040000
4, 0-0-0 0:00:00.040000
4, 0-0-0 0:00:00.040000
4, 0-0-0 0:00:00.040000
4, 0-0-0 0:00:00.040000
4, 0-0-0 0:00:00.040000
4, 0-0-0 0:00:00.040000
4, 0-0-0 0:00:00.040000
4, 0-0-0 0:00:00.040000
4, 0-0-0 0:00:00.040000
5, 0-0-0 0:00:00.040000
5, 0-0-0 0:00:00.040000
5, 0-0-0 0:00:00.040000
5, 0-0-0 0:00:00.040000
5, 0-0-0 0:00:00.040000
6, 0-0-0 0:00:00.040000
8, 0-0-0 0:00:00.040000
8, 0-0-0 0:00:00.040000
8, 0-0-0 0:00:00.040000
9, 0-0-0 0:00:00.040000
10, 0-0-0 0:00:00.040000
13, 0-0-0 0:00:00.040000
14, 0-0-0 0:00:00.040000
15, 0-0-0 0:00:00.040000
15, 0-0-0 0:00:00.040000
16, 0-0-0 0:00:00.040000
16, 0-0-0 0:00:00.040000
16, 0-0-0 0:00:00.040000
16, 0-0-0 0:00:00.040000
16, 0-0-0 0:00:00.040000
16, 0-0-0 0:00:00.040000
16, 0-0-0 0:00:00.040000
17, 0-0-0 0:00:00.040000
17, 0-0-0 0:00:00.040000
17, 0-0-0 0:00:00.040000
17, 0-0-0 0:00:00.040000
17, 0-0-0 0:00:00.040000
19, 0-0-0 0:00:00.040000
20, 0-0-0 0:00:00.040000
20, 0-0-0 0:00:00.040000
20, 0-0-0 0:00:00.040000
20, 0-0-0 0:00:00.040000
20, 0-0-0 0:00:00.040000
20, 0-0-0 0:00:00.040000
21, 0-0-0 0:00:00.040000
21, 0-0-0 0:00:00.040000
21, 0-0-0 0:00:00.040000
21, 0-0-0 0:00:00.040000
21, 0-0-0 0:00:00.040000
21, 0-0-0 0:00:00.040000
21, 0-0-0 0:00:00.040000
22, 0-0-0 0:00:00.040000
22, 0-0-0 0:00:00.040000
23, 0-0-0 0:00:00.040000
23, 0-0-0 0:00:00.040000
23, 0-0-0 0:00:00.040000
24, 0-0-0 0:00:00.040000
24, 0-0-0 0:00:00.040000
25, 0-0-0 0:00:00.040000
32, 0-0-0 0:00:00.040000
1, 0-0-0 0:00:00.050000
1, 0-0-0 0:00:00.050000
1, 0-0-0 0:00:00.050000
2, 0-0-0 0:00:00.050000
2, 0-0-0 0:00:00.050000
2, 0-0-0 0:00:00.050000
3, 0-0-0 0:00:00.050000
3, 0-0-0 0:00:00.050000
4, 0-0-0 0:00:00.050000
4, 0-0-0 0:00:00.050000
4, 0-0-0 0:00:00.050000
4, 0-0-0 0:00:00.050000
4, 0-0-0 0:00:00.050000
4, 0-0-0 0:00:00.050000
4, 0-0-0 0:00:00.050000
4, 0-0-0 0:00:00.050000
5, 0-0-0 0:00:00.050000
5, 0-0-0 0:00:00.050000
5, 0-0-0 0:00:00.050000
5, 0-0-0 0:00:00.050000
6, 0-0-0 0:00:00.050000
6, 0-0-0 0:00:00.050000
6, 0-0-0 0:00:00.050000
6, 0-0-0 0:00:00.050000
6, 0-0-0 0:00:00.050000
6, 0-0-0 0:00:00.050000
6, 0-0-0 0:00:00.050000
6, 0-0-0 0:00:00.050000
7, 0-0-0 0:00:00.050000
7, 0-0-0 0:00:00.050000
7, 0-0-0 0:00:00.050000
7, 0-0-0 0:00:00.050000
8, 0-0-0 0:00:00.050000
8, 0-0-0 0:00:00.050000
8, 0-0-0 0:00:00.050000
8, 0-0-0 0:00:00.050000
8, 0-0-0 0:00:00.050000
8, 0-0-0 0:00:00.050000
8, 0-0-0 0:00:00.050000
8, 0-0-0 0:00:00.050000
8, 0-0-0 0:00:00.050000
8, 0-0-0 0:00:00.050000
8, 0-0-0 0:00:00.050000
8, 0-0-0 0:00:00.050000
8, 0-0-0 0:00:00.050000
8, 0-0-0 0:00:00.050000
8, 0-0-0 0:00:00.050000
8, 0-0-0 0:00:00.050000
8, 0-0-0 0:00:00.050000
8, 0-0-0 0:00:00.050000
8, 0-0-0 0:00:00.050000
8, 0-0-0 0:00:00.050000
8, 0-0-0 0:00:00.050000
8, 0-0-0 0:00:00.050000
8, 0-0-0 0:00:00.050000
8, 0-0-0 0:00:00.050000
8, 0-0-0 0:00:00.050000
8, 0-0-0 0:00:00.050000
8, 0-0-0 0:00:00.050000
8, 0-0-0 0:00:00.050000
9, 0-0-0 0:00:00.050000
9, 0-0-0 0:00:00.050000
9, 0-0-0 0:00:00.050000
10, 0-0-0 0:00:00.050000
10, 0-0-0 0:00:00.050000
12, 0-0-0 0:00:00.050000
15, 0-0-0 0:00:00.050000
20, 0-0-0 0:00:00.050000
20, 0-0-0 0:00:00.050000
20, 0-0-0 0:00:00.050000
20, 0-0-0 0:00:00.050000
20, 0-0-0 0:00:00.050000
21, 0-0-0 0:00:00.050000
21, 0-0-0 0:00:00.050000
21, 0-0-0 0:00:00.050000
24, 0-0-0 0:00:00.050000
24, 0-0-0 0:00:00.050000
26, 0-0-0 0:00:00.050000
26, 0-0-0 0:00:00.050000
1, 0-0-0 0:00:00.060000
2, 0-0-0 0:00:00.060000
2, 0-0-0 0:00:00.060000
2, 0-0-0 0:00:00.060000
4, 0-0-0 0:00:00.060000
4, 0-0-0 0:00:00.060000
4, 0-0-0 0:00:00.060000
5, 0-0-0 0:00:00.060000
6, 0-0-0 0:00:00.060000
7, 0-0-0 0:00:00.060000
8, 0-0-0 0:00:00.060000
8, 0-0-0 0:00:00.060000
8, 0-0-0 0:00:00.060000
8, 0-0-0 0:00:00.060000
9, 0-0-0 0:00:00.060000
9, 0-0-0 0:00:00.060000
9, 0-0-0 0:00:00.060000
9, 0-0-0 0:00:00.060000
9, 0-0-0 0:00:00.060000
9, 0-0-0 0:00:00.060000
9, 0-0-0 0:00:00.060000
9, 0-0-0 0:00:00.060000
9, 0-0-0 0:00:00.060000
9, 0-0-0 0:00:00.060000
9, 0-0-0 0:00:00.060000
9, 0-0-0 0:00:00.060000
9, 0-0-0 0:00:00.060000
9, 0-0-0 0:00:00.060000
9, 0-0-0 0:00:00.060000
9, 0-0-0 0:00:00.060000
9, 0-0-0 0:00:00.060000
9, 0-0-0 0:00:00.060000
9, 0-0-0 0:00:00.060000
9, 0-0-0 0:00:00.060000
9, 0-0-0 0:00:00.060000
11, 0-0-0 0:00:00.060000
11, 0-0-0 0:00:00.060000
11, 0-0-0 0:00:00.060000
15, 0-0-0 0:00:00.060000
15, 0-0-0 0:00:00.060000
16, 0-0-0 0:00:00.060000
16, 0-0-0 0:00:00.060000
18, 0-0-0 0:00:00.060000
21, 0-0-0 0:00:00.060000
21, 0-0-0 0:00:00.060000
22, 0-0-0 0:00:00.060000
23, 0-0-0 0:00:00.060000
25, 0-0-0 0:00:00.060000
29, 0-0-0 0:00:00.060000
2, 0-0-0 0:00:00.070000
3, 0-0-0 0:00:00.070000
6, 0-0-0 0:00:00.070000
8, 0-0-0 0:00:00.070000
8, 0-0-0 0:00:00.070000
9, 0-0-0 0:00:00.070000
9, 0-0-0 0:00:00.070000
9, 0-0-0 0:00:00.070000
9, 0-0-0 0:00:00.070000
9, 0-0-0 0:00:00.070000
15, 0-0-0 0:00:00.070000
15, 0-0-0 0:00:00.070000
18, 0-0-0 0:00:00.070000
21, 0-0-0 0:00:00.070000
2, 0-0-0 0:00:00.080000
3, 0-0-0 0:00:00.080000
4, 0-0-0 0:00:00.080000
4, 0-0-0 0:00:00.080000
8, 0-0-0 0:00:00.080000
8, 0-0-0 0:00:00.080000
9, 0-0-0 0:00:00.080000
9, 0-0-0 0:00:00.080000
9, 0-0-0 0:00:00.080000
9, 0-0-0 0:00:00.080000
9, 0-0-0 0:00:00.080000
10, 0-0-0 0:00:00.080000
11, 0-0-0 0:00:00.080000
12, 0-0-0 0:00:00.080000
19, 0-0-0 0:00:00.080000
20, 0-0-0 0:00:00.080000
20, 0-0-0 0:00:00.080000
26, 0-0-0 0:00:00.080000
26, 0-0-0 0:00:00.080000
29, 0-0-0 0:00:00.080000
3, 0-0-0 0:00:00.090000
8, 0-0-0 0:00:00.090000
9, 0-0-0 0:00:00.090000
10, 0-0-0 0:00:00.090000
11, 0-0-0 0:00:00.090000
11, 0-0-0 0:00:00.090000
13, 0-0-0 0:00:00.090000
26, 0-0-0 0:00:00.090000
26, 0-0-0 0:00:00.090000
26, 0-0-0 0:00:00.090000
35, 0-0-0 0:00:00.090000
39, 0-0-0 0:00:00.090000
4, 0-0-0 0:00:00.100000
7, 0-0-0 0:00:00.100000
8, 0-0-0 0:00:00.100000
8, 0-0-0 0:00:00.100000
9, 0-0-0 0:00:00.100000
9, 0-0-0 0:00:00.100000
9, 0-0-0 0:00:00.100000
12, 0-0-0 0:00:00.100000
17, 0-0-0 0:00:00.100000
21, 0-0-0 0:00:00.100000
24, 0-0-0 0:00:00.100000
26, 0-0-0 0:00:00.100000
26, 0-0-0 0:00:00.100000
26, 0-0-0 0:00:00.100000
26, 0-0-0 0:00:00.100000
26, 0-0-0 0:00:00.100000
26, 0-0-0 0:00:00.100000
26, 0-0-0 0:00:00.100000
26, 0-0-0 0:00:00.100000
26, 0-0-0 0:00:00.100000
26, 0-0-0 0:00:00.100000
26, 0-0-0 0:00:00.100000
34, 0-0-0 0:00:00.100000
40, 0-0-0 0:00:00.100000
7, 0-0-0 0:00:00.110000
8, 0-0-0 0:00:00.110000
9, 0-0-0 0:00:00.110000
9, 0-0-0 0:00:00.110000
11, 0-0-0 0:00:00.110000
16, 0-0-0 0:00:00.110000
19, 0-0-0 0:00:00.110000
19, 0-0-0 0:00:00.110000
20, 0-0-0 0:00:00.110000
26, 0-0-0 0:00:00.110000
26, 0-0-0 0:00:00.110000
26, 0-0-0 0:00:00.110000
26, 0-0-0 0:00:00.110000
26, 0-0-0 0:00:00.110000
26, 0-0-0 0:00:00.110000
31, 0-0-0 0:00:00.110000
38, 0-0-0 0:00:00.110000
8, 0-0-0 0:00:00.120000
8, 0-0-0 0:00:00.120000
8, 0-0-0 0:00:00.120000
8, 0-0-0 0:00:00.120000
10, 0-0-0 0:00:00.120000
11, 0-0-0 0:00:00.120000
16, 0-0-0 0:00:00.120000
17, 0-0-0 0:00:00.120000
24, 0-0-0 0:00:00.120000
26, 0-0-0 0:00:00.120000
26, 0-0-0 0:00:00.120000
26, 0-0-0 0:00:00.120000
26, 0-0-0 0:00:00.120000
26, 0-0-0 0:00:00.120000
28, 0-0-0 0:00:00.120000
5, 0-0-0 0:00:00.130000
6, 0-0-0 0:00:00.130000
8, 0-0-0 0:00:00.130000
8, 0-0-0 0:00:00.130000
8, 0-0-0 0:00:00.130000
9, 0-0-0 0:00:00.130000
12, 0-0-0 0:00:00.130000
20, 0-0-0 0:00:00.130000
23, 0-0-0 0:00:00.130000
26, 0-0-0 0:00:00.130000
26, 0-0-0 0:00:00.130000
28, 0-0-0 0:00:00.130000
29, 0-0-0 0:00:00.130000
32, 0-0-0 0:00:00.130000
43, 0-0-0 0:00:00.130000
3, 0-0-0 0:00:00.140000
6, 0-0-0 0:00:00.140000
6, 0-0-0 0:00:00.140000
6, 0-0-0 0:00:00.140000
7, 0-0-0 0:00:00.140000
7, 0-0-0 0:00:00.140000
9, 0-0-0 0:00:00.140000
11, 0-0-0 0:00:00.140000
21, 0-0-0 0:00:00.140000
26, 0-0-0 0:00:00.140000
26, 0-0-0 0:00:00.140000
28, 0-0-0 0:00:00.140000
40, 0-0-0 0:00:00.140000
5, 0-0-0 0:00:00.150000
7, 0-0-0 0:00:00.150000
7, 0-0-0 0:00:00.150000
8, 0-0-0 0:00:00.150000
9, 0-0-0 0:00:00.150000
9, 0-0-0 0:00:00.150000
9, 0-0-0 0:00:00.150000
21, 0-0-0 0:00:00.150000
21, 0-0-0 0:00:00.150000
21, 0-0-0 0:00:00.150000
23, 0-0-0 0:00:00.150000
24, 0-0-0 0:00:00.150000
26, 0-0-0 0:00:00.150000
26, 0-0-0 0:00:00.150000
26, 0-0-0 0:00:00.150000
26, 0-0-0 0:00:00.150000
31, 0-0-0 0:00:00.150000
35, 0-0-0 0:00:00.150000
39, 0-0-0 0:00:00.150000
9, 0-0-0 0:00:00.160000
9, 0-0-0 0:00:00.160000
25, 0-0-0 0:00:00.160000
26, 0-0-0 0:00:00.160000
27, 0-0-0 0:00:00.160000
40, 0-0-0 0:00:00.160000
48, 0-0-0 0:00:00.160000
6, 0-0-0 0:00:00.170000
7, 0-0-0 0:00:00.170000
9, 0-0-0 0:00:00.170000
9, 0-0-0 0:00:00.170000
9, 0-0-0 0:00:00.170000
21, 0-0-0 0:00:00.170000
24, 0-0-0 0:00:00.170000
24, 0-0-0 0:00:00.170000
29, 0-0-0 0:00:00.170000
30, 0-0-0 0:00:00.170000
6, 0-0-0 0:00:00.180000
6, 0-0-0 0:00:00.180000
9, 0-0-0 0:00:00.180000
9, 0-0-0 0:00:00.180000
9, 0-0-0 0:00:00.180000
9, 0-0-0 0:00:00.180000
24, 0-0-0 0:00:00.180000
45, 0-0-0 0:00:00.180000
7, 0-0-0 0:00:00.190000
9, 0-0-0 0:00:00.190000
12, 0-0-0 0:00:00.190000
20, 0-0-0 0:00:00.190000
31, 0-0-0 0:00:00.190000
31, 0-0-0 0:00:00.190000
36, 0-0-0 0:00:00.190000
5, 0-0-0 0:00:00.200000
6, 0-0-0 0:00:00.200000
9, 0-0-0 0:00:00.200000
11, 0-0-0 0:00:00.200000
14, 0-0-0 0:00:00.200000
22, 0-0-0 0:00:00.200000
22, 0-0-0 0:00:00.200000
28, 0-0-0 0:00:00.200000
48, 0-0-0 0:00:00.200000
6, 0-0-0 0:00:00.210000
9, 0-0-0 0:00:00.210000
14, 0-0-0 0:00:00.210000
17, 0-0-0 0:00:00.210000
28, 0-0-0 0:00:00.210000
31, 0-0-0 0:00:00.210000
44, 0-0-0 0:00:00.210000
24, 0-0-0 0:00:00.220000
25, 0-0-0 0:00:00.220000
26, 0-0-0 0:00:00.220000
48, 0-0-0 0:00:00.220000
48, 0-0-0 0:00:00.220000
50, 0-0-0 0:00:00.220000
7, 0-0-0 0:00:00.230000
10, 0-0-0 0:00:00.230000
14, 0-0-0 0:00:00.230000
17, 0-0-0 0:00:00.230000
21, 0-0-0 0:00:00.230000
36, 0-0-0 0:00:00.230000
38, 0-0-0 0:00:00.230000
22, 0-0-0 0:00:00.240000
28, 0-0-0 0:00:00.240000
6, 0-0-0 0:00:00.250000
13, 0-0-0 0:00:00.250000
25, 0-0-0 0:00:00.250000
37, 0-0-0 0:00:00.250000
40, 0-0-0 0:00:00.250000
47, 0-0-0 0:00:00.250000
48, 0-0-0 0:00:00.250000
7, 0-0-0 0:00:00.260000
32, 0-0-0 0:00:00.260000
40, 0-0-0 0:00:00.260000
7, 0-0-0 0:00:00.270000
12, 0-0-0 0:00:00.270000
17, 0-0-0 0:00:00.270000
34, 0-0-0 0:00:00.270000
45, 0-0-0 0:00:00.270000
50, 0-0-0 0:00:00.270000
12, 0-0-0 0:00:00.280000
13, 0-0-0 0:00:00.280000
22, 0-0-0 0:00:00.280000
34, 0-0-0 0:00:00.280000
35, 0-0-0 0:00:00.280000
5, 0-0-0 0:00:00.290000
11, 0-0-0 0:00:00.290000
11, 0-0-0 0:00:00.290000
14, 0-0-0 0:00:00.290000
14, 0-0-0 0:00:00.290000
62, 0-0-0 0:00:00.290000
11, 0-0-0 0:00:00.300000
20, 0-0-0 0:00:00.300000
22, 0-0-0 0:00:00.300000
28, 0-0-0 0:00:00.300000
11, 0-0-0 0:00:00.310000
14, 0-0-0 0:00:00.310000
11, 0-0-0 0:00:00.320000
31, 0-0-0 0:00:00.320000
66, 0-0-0 0:00:00.320000
5, 0-0-0 0:00:00.330000
11, 0-0-0 0:00:00.330000
18, 0-0-0 0:00:00.330000
21, 0-0-0 0:00:00.330000
22, 0-0-0 0:00:00.330000
50, 0-0-0 0:00:00.330000
10, 0-0-0 0:00:00.340000
53, 0-0-0 0:00:00.340000
10, 0-0-0 0:00:00.350000
11, 0-0-0 0:00:00.350000
21, 0-0-0 0:00:00.350000
32, 0-0-0 0:00:00.350000
67, 0-0-0 0:00:00.350000
10, 0-0-0 0:00:00.360000
10, 0-0-0 0:00:00.360000
22, 0-0-0 0:00:00.360000
34, 0-0-0 0:00:00.360000
61, 0-0-0 0:00:00.360000
8, 0-0-0 0:00:00.370000
10, 0-0-0 0:00:00.370000
12, 0-0-0 0:00:00.370000
13, 0-0-0 0:00:00.370000
23, 0-0-0 0:00:00.370000
34, 0-0-0 0:00:00.370000
10, 0-0-0 0:00:00.380000
11, 0-0-0 0:00:00.380000
70, 0-0-0 0:00:00.380000
10, 0-0-0 0:00:00.390000
10, 0-0-0 0:00:00.390000
11, 0-0-0 0:00:00.390000
14, 0-0-0 0:00:00.390000
25, 0-0-0 0:00:00.390000
26, 0-0-0 0:00:00.390000
5, 0-0-0 0:00:00.400000
43, 0-0-0 0:00:00.400000
46, 0-0-0 0:00:00.400000
46, 0-0-0 0:00:00.400000
27, 0-0-0 0:00:00.410000
39, 0-0-0 0:00:00.410000
71, 0-0-0 0:00:00.410000
10, 0-0-0 0:00:00.420000
13, 0-0-0 0:00:00.420000
24, 0-0-0 0:00:00.420000
26, 0-0-0 0:00:00.420000
13, 0-0-0 0:00:00.430000
14, 0-0-0 0:00:00.430000
43, 0-0-0 0:00:00.430000
48, 0-0-0 0:00:00.430000
12, 0-0-0 0:00:00.440000
13, 0-0-0 0:00:00.440000
13, 0-0-0 0:00:00.440000
28, 0-0-0 0:00:00.440000
29, 0-0-0 0:00:00.440000
34, 0-0-0 0:00:00.440000
54, 0-0-0 0:00:00.440000
54, 0-0-0 0:00:00.440000
13, 0-0-0 0:00:00.450000
18, 0-0-0 0:00:00.450000
72, 0-0-0 0:00:00.450000
13, 0-0-0 0:00:00.460000
48, 0-0-0 0:00:00.460000
53, 0-0-0 0:00:00.460000
60, 0-0-0 0:00:00.460000
65, 0-0-0 0:00:00.460000
12, 0-0-0 0:00:00.470000
12, 0-0-0 0:00:00.470000
16, 0-0-0 0:00:00.470000
62, 0-0-0 0:00:00.470000
10, 0-0-0 0:00:00.480000
10, 0-0-0 0:00:00.480000
44, 0-0-0 0:00:00.480000
76, 0-0-0 0:00:00.480000
15, 0-0-0 0:00:00.490000
37, 0-0-0 0:00:00.490000
48, 0-0-0 0:00:00.490000
48, 0-0-0 0:00:00.490000
83, 0-0-0 0:00:00.490000
23, 0-0-0 0:00:00.510000
39, 0-0-0 0:00:00.510000
53, 0-0-0 0:00:00.510000
58, 0-0-0 0:00:00.510000
64, 0-0-0 0:00:00.510000
82, 0-0-0 0:00:00.510000
12, 0-0-0 0:00:00.520000
15, 0-0-0 0:00:00.520000
24, 0-0-0 0:00:00.520000
31, 0-0-0 0:00:00.520000
56, 0-0-0 0:00:00.520000
62, 0-0-0 0:00:00.520000
63, 0-0-0 0:00:00.520000
25, 0-0-0 0:00:00.530000
44, 0-0-0 0:00:00.530000
49, 0-0-0 0:00:00.530000
52, 0-0-0 0:00:00.530000
60, 0-0-0 0:00:00.540000
62, 0-0-0 0:00:00.540000
64, 0-0-0 0:00:00.540000
14, 0-0-0 0:00:00.550000
26, 0-0-0 0:00:00.550000
13, 0-0-0 0:00:00.560000
43, 0-0-0 0:00:00.560000
59, 0-0-0 0:00:00.560000
61, 0-0-0 0:00:00.560000
64, 0-0-0 0:00:00.560000
9, 0-0-0 0:00:00.570000
13, 0-0-0 0:00:00.570000
31, 0-0-0 0:00:00.570000
45, 0-0-0 0:00:00.570000
60, 0-0-0 0:00:00.570000
23, 0-0-0 0:00:00.580000
46, 0-0-0 0:00:00.580000
10, 0-0-0 0:00:00.590000
59, 0-0-0 0:00:00.590000
81, 0-0-0 0:00:00.590000
25, 0-0-0 0:00:00.600000
60, 0-0-0 0:00:00.600000
46, 0-0-0 0:00:00.610000
53, 0-0-0 0:00:00.610000
54, 0-0-0 0:00:00.610000
72, 0-0-0 0:00:00.610000
15, 0-0-0 0:00:00.620000
30, 0-0-0 0:00:00.620000
55, 0-0-0 0:00:00.620000
59, 0-0-0 0:00:00.620000
79, 0-0-0 0:00:00.620000
77, 0-0-0 0:00:00.630000
78, 0-0-0 0:00:00.630000
16, 0-0-0 0:00:00.640000
12, 0-0-0 0:00:00.650000
16, 0-0-0 0:00:00.650000
25, 0-0-0 0:00:00.650000
59, 0-0-0 0:00:00.650000
16, 0-0-0 0:00:00.660000
46, 0-0-0 0:00:00.660000
58, 0-0-0 0:00:00.660000
5, 0-0-0 0:00:00.670000
16, 0-0-0 0:00:00.670000
20, 0-0-0 0:00:00.670000
66, 0-0-0 0:00:00.670000
11, 0-0-0 0:00:00.680000
30, 0-0-0 0:00:00.680000
30, 0-0-0 0:00:00.690000
38, 0-0-0 0:00:00.690000
12, 0-0-0 0:00:00.700000
15, 0-0-0 0:00:00.700000
60, 0-0-0 0:00:00.710000
80, 0-0-0 0:00:00.710000
93, 0-0-0 0:00:00.710000
30, 0-0-0 0:00:00.720000
38, 0-0-0 0:00:00.730000
56, 0-0-0 0:00:00.730000
17, 0-0-0 0:00:00.740000
97, 0-0-0 0:00:00.740000
15, 0-0-0 0:00:00.750000
15, 0-0-0 0:00:00.750000
67, 0-0-0 0:00:00.760000
79, 0-0-0 0:00:00.760000
45, 0-0-0 0:00:00.770000
73, 0-0-0 0:00:00.770000
46, 0-0-0 0:00:00.780000
52, 0-0-0 0:00:00.780000
52, 0-0-0 0:00:00.780000
60, 0-0-0 0:00:00.780000
11, 0-0-0 0:00:00.790000
38, 0-0-0 0:00:00.790000
43, 0-0-0 0:00:00.790000
54, 0-0-0 0:00:00.790000
58, 0-0-0 0:00:00.790000
15, 0-0-0 0:00:00.800000
105, 0-0-0 0:00:00.800000
12, 0-0-0 0:00:00.830000
58, 0-0-0 0:00:00.830000
16, 0-0-0 0:00:00.840000
43, 0-0-0 0:00:00.840000
64, 0-0-0 0:00:00.840000
92, 0-0-0 0:00:00.840000
17, 0-0-0 0:00:00.850000
65, 0-0-0 0:00:00.850000
66, 0-0-0 0:00:00.850000
65, 0-0-0 0:00:00.860000
78, 0-0-0 0:00:00.860000
17, 0-0-0 0:00:00.870000
65, 0-0-0 0:00:00.870000
94, 0-0-0 0:00:00.880000
78, 0-0-0 0:00:00.890000
36, 0-0-0 0:00:00.910000
63, 0-0-0 0:00:00.910000
90, 0-0-0 0:00:00.910000
34, 0-0-0 0:00:00.920000
97, 0-0-0 0:00:00.920000
77, 0-0-0 0:00:00.930000
13, 0-0-0 0:00:00.940000
99, 0-0-0 0:00:00.940000
36, 0-0-0 0:00:00.950000
21, 0-0-0 0:00:00.960000
82, 0-0-0 0:00:00.970000
42, 0-0-0 0:00:00.980000
8, 0-0-0 0:00:00.990000
33, 0-0-0 0:00:00.990000
45, 0-0-0 0:00:00.990000
46, 0-0-0 0:00:00.990000
65, 0-0-0 0:00:00.990000
70, 0-0-0 0:00:00.990000
113, 0-0-0 0:00:01.010000
34, 0-0-0 0:00:01.030000
34, 0-0-0 0:00:01.030000
108, 0-0-0 0:00:01.030000
98, 0-0-0 0:00:01.050000
54, 0-0-0 0:00:01.060000
14, 0-0-0 0:00:01.070000
18, 0-0-0 0:00:01.080000
41, 0-0-0 0:00:01.080000
19, 0-0-0 0:00:01.090000
85, 0-0-0 0:00:01.090000
91, 0-0-0 0:00:01.090000
52, 0-0-0 0:00:01.110000
67, 0-0-0 0:00:01.110000
8, 0-0-0 0:00:01.130000
37, 0-0-0 0:00:01.150000
73, 0-0-0 0:00:01.170000
51, 0-0-0 0:00:01.190000
58, 0-0-0 0:00:01.210000
84, 0-0-0 0:00:01.230000
119, 0-0-0 0:00:01.230000
21, 0-0-0 0:00:01.240000
43, 0-0-0 0:00:01.240000
22, 0-0-0 0:00:01.250000
31, 0-0-0 0:00:01.260000
58, 0-0-0 0:00:01.260000
95, 0-0-0 0:00:01.270000
27, 0-0-0 0:00:01.280000
16, 0-0-0 0:00:01.290000
131, 0-0-0 0:00:01.290000
13, 0-0-0 0:00:01.300000
120, 0-0-0 0:00:01.300000
58, 0-0-0 0:00:01.310000
19, 0-0-0 0:00:01.340000
31, 0-0-0 0:00:01.340000
61, 0-0-0 0:00:01.340000
75, 0-0-0 0:00:01.350000
100, 0-0-0 0:00:01.350000
66, 0-0-0 0:00:01.370000
26, 0-0-0 0:00:01.420000
34, 0-0-0 0:00:01.420000
87, 0-0-0 0:00:01.440000
123, 0-0-0 0:00:01.440000
82, 0-0-0 0:00:01.450000
21, 0-0-0 0:00:01.460000
60, 0-0-0 0:00:01.480000
108, 0-0-0 0:00:01.490000
27, 0-0-0 0:00:01.520000
25, 0-0-0 0:00:01.530000
29, 0-0-0 0:00:01.540000
172, 0-0-0 0:00:01.550000
51, 0-0-0 0:00:01.560000
95, 0-0-0 0:00:01.570000
57, 0-0-0 0:00:01.580000
58, 0-0-0 0:00:01.580000
21, 0-0-0 0:00:01.610000
31, 0-0-0 0:00:01.610000
54, 0-0-0 0:00:01.620000
53, 0-0-0 0:00:01.630000
91, 0-0-0 0:00:01.630000
11, 0-0-0 0:00:01.640000
197, 0-0-0 0:00:01.640000
57, 0-0-0 0:00:01.650000
13, 0-0-0 0:00:01.660000
36, 0-0-0 0:00:01.660000
42, 0-0-0 0:00:01.660000
54, 0-0-0 0:00:01.670000
30, 0-0-0 0:00:01.680000
54, 0-0-0 0:00:01.680000
79, 0-0-0 0:00:01.680000
39, 0-0-0 0:00:01.690000
78, 0-0-0 0:00:01.690000
79, 0-0-0 0:00:01.700000
30, 0-0-0 0:00:01.730000
79, 0-0-0 0:00:01.740000
98, 0-0-0 0:00:01.740000
75, 0-0-0 0:00:01.760000
78, 0-0-0 0:00:01.770000
82, 0-0-0 0:00:01.780000
82, 0-0-0 0:00:01.780000
85, 0-0-0 0:00:01.780000
85, 0-0-0 0:00:01.780000
21, 0-0-0 0:00:01.800000
79, 0-0-0 0:00:01.800000
79, 0-0-0 0:00:01.800000
81, 0-0-0 0:00:01.800000
82, 0-0-0 0:00:01.800000
82, 0-0-0 0:00:01.800000
69, 0-0-0 0:00:01.810000
80, 0-0-0 0:00:01.810000
82, 0-0-0 0:00:01.810000
82, 0-0-0 0:00:01.810000
82, 0-0-0 0:00:01.810000
20, 0-0-0 0:00:01.820000
78, 0-0-0 0:00:01.820000
82, 0-0-0 0:00:01.820000
85, 0-0-0 0:00:01.820000
58, 0-0-0 0:00:01.830000
27, 0-0-0 0:00:01.840000
79, 0-0-0 0:00:01.840000
79, 0-0-0 0:00:01.840000
21, 0-0-0 0:00:01.850000
55, 0-0-0 0:00:01.850000
79, 0-0-0 0:00:01.850000
79, 0-0-0 0:00:01.850000
80, 0-0-0 0:00:01.850000
133, 0-0-0 0:00:01.850000
160, 0-0-0 0:00:01.850000
21, 0-0-0 0:00:01.860000
21, 0-0-0 0:00:01.860000
56, 0-0-0 0:00:01.860000
79, 0-0-0 0:00:01.860000
83, 0-0-0 0:00:01.870000
82, 0-0-0 0:00:01.880000
91, 0-0-0 0:00:01.880000
133, 0-0-0 0:00:01.880000
79, 0-0-0 0:00:01.890000
84, 0-0-0 0:00:01.900000
110, 0-0-0 0:00:01.900000
41, 0-0-0 0:00:01.910000
80, 0-0-0 0:00:01.920000
63, 0-0-0 0:00:01.930000
75, 0-0-0 0:00:01.930000
98, 0-0-0 0:00:01.930000
104, 0-0-0 0:00:01.930000
100, 0-0-0 0:00:01.940000
103, 0-0-0 0:00:01.940000
23, 0-0-0 0:00:01.950000
93, 0-0-0 0:00:01.950000
94, 0-0-0 0:00:01.950000
94, 0-0-0 0:00:01.950000
98, 0-0-0 0:00:01.950000
100, 0-0-0 0:00:01.950000
106, 0-0-0 0:00:01.950000
33, 0-0-0 0:00:01.960000
84, 0-0-0 0:00:01.960000
97, 0-0-0 0:00:01.960000
99, 0-0-0 0:00:01.960000
100, 0-0-0 0:00:01.960000
100, 0-0-0 0:00:01.960000
21, 0-0-0 0:00:01.970000
44, 0-0-0 0:00:01.970000
80, 0-0-0 0:00:01.970000
80, 0-0-0 0:00:01.970000
95, 0-0-0 0:00:01.970000
102, 0-0-0 0:00:01.970000
32, 0-0-0 0:00:01.980000
113, 0-0-0 0:00:01.980000
33, 0-0-0 0:00:01.990000
34, 0-0-0 0:00:01.990000
81, 0-0-0 0:00:01.990000
83, 0-0-0 0:00:01.990000
100, 0-0-0 0:00:01.990000
102, 0-0-0 0:00:01.990000
98, 0-0-0 0:00:02
101, 0-0-0 0:00:02
147, 0-0-0 0:00:02
20, 0-0-0 0:00:02.010000
81, 0-0-0 0:00:02.010000
100, 0-0-0 0:00:02.010000
103, 0-0-0 0:00:02.020000
149, 0-0-0 0:00:02.020000
100, 0-0-0 0:00:02.030000
105, 0-0-0 0:00:02.030000
100, 0-0-0 0:00:02.040000
108, 0-0-0 0:00:02.040000
82, 0-0-0 0:00:02.060000
13, 0-0-0 0:00:02.070000
76, 0-0-0 0:00:02.070000
82, 0-0-0 0:00:02.070000
22, 0-0-0 0:00:02.090000
61, 0-0-0 0:00:02.090000
100, 0-0-0 0:00:02.090000
13, 0-0-0 0:00:02.100000
80, 0-0-0 0:00:02.100000
82, 0-0-0 0:00:02.100000
106, 0-0-0 0:00:02.100000
106, 0-0-0 0:00:02.100000
107, 0-0-0 0:00:02.100000
92, 0-0-0 0:00:02.110000
98, 0-0-0 0:00:02.150000
111, 0-0-0 0:00:02.150000
101, 0-0-0 0:00:02.170000
103, 0-0-0 0:00:02.170000
132, 0-0-0 0:00:02.170000
21, 0-0-0 0:00:02.180000
43, 0-0-0 0:00:02.180000
107, 0-0-0 0:00:02.180000
77, 0-0-0 0:00:02.190000
85, 0-0-0 0:00:02.190000
51, 0-0-0 0:00:02.200000
85, 0-0-0 0:00:02.210000
85, 0-0-0 0:00:02.210000
72, 0-0-0 0:00:02.220000
100, 0-0-0 0:00:02.220000
42, 0-0-0 0:00:02.230000
83, 0-0-0 0:00:02.230000
72, 0-0-0 0:00:02.250000
95, 0-0-0 0:00:02.250000
103, 0-0-0 0:00:02.260000
65, 0-0-0 0:00:02.280000
120, 0-0-0 0:00:02.290000
67, 0-0-0 0:00:02.300000
81, 0-0-0 0:00:02.300000
68, 0-0-0 0:00:02.310000
72, 0-0-0 0:00:02.310000
106, 0-0-0 0:00:02.320000
110, 0-0-0 0:00:02.320000
122, 0-0-0 0:00:02.370000
119, 0-0-0 0:00:02.380000
125, 0-0-0 0:00:02.380000
108, 0-0-0 0:00:02.400000
84, 0-0-0 0:00:02.420000
51, 0-0-0 0:00:02.430000
84, 0-0-0 0:00:02.430000
88, 0-0-0 0:00:02.430000
89, 0-0-0 0:00:02.430000
95, 0-0-0 0:00:02.430000
68, 0-0-0 0:00:02.440000
51, 0-0-0 0:00:02.460000
100, 0-0-0 0:00:02.460000
94, 0-0-0 0:00:02.490000
40, 0-0-0 0:00:02.500000
69, 0-0-0 0:00:02.500000
100, 0-0-0 0:00:02.500000
61, 0-0-0 0:00:02.510000
108, 0-0-0 0:00:02.540000
118, 0-0-0 0:00:02.540000
132, 0-0-0 0:00:02.570000
27, 0-0-0 0:00:02.600000
108, 0-0-0 0:00:02.600000
84, 0-0-0 0:00:02.630000
110, 0-0-0 0:00:02.630000
89, 0-0-0 0:00:02.660000
72, 0-0-0 0:00:02.680000
194, 0-0-0 0:00:02.690000
54, 0-0-0 0:00:02.700000
87, 0-0-0 0:00:02.700000
64, 0-0-0 0:00:02.710000
112, 0-0-0 0:00:02.710000
19, 0-0-0 0:00:02.730000
211, 0-0-0 0:00:02.730000
21, 0-0-0 0:00:02.750000
45, 0-0-0 0:00:02.770000
86, 0-0-0 0:00:02.770000
64, 0-0-0 0:00:02.780000
27, 0-0-0 0:00:02.800000
45, 0-0-0 0:00:02.800000
75, 0-0-0 0:00:02.810000
100, 0-0-0 0:00:02.810000
18, 0-0-0 0:00:02.820000
33, 0-0-0 0:00:02.820000
96, 0-0-0 0:00:02.840000
42, 0-0-0 0:00:02.870000
72, 0-0-0 0:00:02.900000
91, 0-0-0 0:00:02.910000
116, 0-0-0 0:00:02.910000
61, 0-0-0 0:00:02.950000
75, 0-0-0 0:00:02.950000
104, 0-0-0 0:00:02.950000
96, 0-0-0 0:00:02.970000
19, 0-0-0 0:00:02.980000
92, 0-0-0 0:00:02.990000
100, 0-0-0 0:00:02.990000
108, 0-0-0 0:00:02.990000
59, 0-0-0 0:00:03.010000
90, 0-0-0 0:00:03.020000
90, 0-0-0 0:00:03.030000
50, 0-0-0 0:00:03.040000
87, 0-0-0 0:00:03.040000
89, 0-0-0 0:00:03.040000
107, 0-0-0 0:00:03.040000
124, 0-0-0 0:00:03.040000
182, 0-0-0 0:00:03.070000
93, 0-0-0 0:00:03.090000
127, 0-0-0 0:00:03.140000
72, 0-0-0 0:00:03.160000
86, 0-0-0 0:00:03.160000
182, 0-0-0 0:00:03.170000
36, 0-0-0 0:00:03.180000
70, 0-0-0 0:00:03.190000
112, 0-0-0 0:00:03.200000
54, 0-0-0 0:00:03.210000
96, 0-0-0 0:00:03.220000
71, 0-0-0 0:00:03.230000
98, 0-0-0 0:00:03.230000
78, 0-0-0 0:00:03.280000
119, 0-0-0 0:00:03.290000
91, 0-0-0 0:00:03.300000
193, 0-0-0 0:00:03.390000
109, 0-0-0 0:00:03.400000
113, 0-0-0 0:00:03.400000
140, 0-0-0 0:00:03.400000
89, 0-0-0 0:00:03.410000
118, 0-0-0 0:00:03.440000
93, 0-0-0 0:00:03.490000
76, 0-0-0 0:00:03.510000
87, 0-0-0 0:00:03.510000
110, 0-0-0 0:00:03.510000
242, 0-0-0 0:00:03.510000
86, 0-0-0 0:00:03.530000
99, 0-0-0 0:00:03.530000
79, 0-0-0 0:00:03.540000
20, 0-0-0 0:00:03.590000
45, 0-0-0 0:00:03.600000
99, 0-0-0 0:00:03.610000
67, 0-0-0 0:00:03.620000
53, 0-0-0 0:00:03.630000
99, 0-0-0 0:00:03.640000
99, 0-0-0 0:00:03.650000
80, 0-0-0 0:00:03.670000
60, 0-0-0 0:00:03.690000
87, 0-0-0 0:00:03.690000
59, 0-0-0 0:00:03.700000
85, 0-0-0 0:00:03.720000
47, 0-0-0 0:00:03.730000
67, 0-0-0 0:00:03.730000
83, 0-0-0 0:00:03.730000
143, 0-0-0 0:00:03.730000
111, 0-0-0 0:00:03.740000
49, 0-0-0 0:00:03.770000
121, 0-0-0 0:00:03.770000
99, 0-0-0 0:00:03.780000
60, 0-0-0 0:00:03.790000
81, 0-0-0 0:00:03.810000
134, 0-0-0 0:00:03.820000
71, 0-0-0 0:00:03.840000
126, 0-0-0 0:00:03.840000
54, 0-0-0 0:00:03.850000
60, 0-0-0 0:00:03.850000
111, 0-0-0 0:00:03.870000
71, 0-0-0 0:00:03.880000
67, 0-0-0 0:00:03.890000
82, 0-0-0 0:00:03.890000
66, 0-0-0 0:00:03.900000
111, 0-0-0 0:00:03.900000
60, 0-0-0 0:00:03.910000
52, 0-0-0 0:00:03.930000
60, 0-0-0 0:00:03.930000
52, 0-0-0 0:00:03.940000
58, 0-0-0 0:00:03.940000
111, 0-0-0 0:00:03.940000
35, 0-0-0 0:00:03.950000
50, 0-0-0 0:00:03.950000
52, 0-0-0 0:00:03.960000
128, 0-0-0 0:00:03.960000
58, 0-0-0 0:00:03.970000
76, 0-0-0 0:00:04
61, 0-0-0 0:00:04.010000
119, 0-0-0 0:00:04.010000
126, 0-0-0 0:00:04.010000
82, 0-0-0 0:00:04.020000
60, 0-0-0 0:00:04.040000
24, 0-0-0 0:00:04.050000
100, 0-0-0 0:00:04.060000
70, 0-0-0 0:00:04.080000
70, 0-0-0 0:00:04.080000
123, 0-0-0 0:00:04.090000
104, 0-0-0 0:00:04.130000
80, 0-0-0 0:00:04.140000
122, 0-0-0 0:00:04.140000
57, 0-0-0 0:00:04.160000
81, 0-0-0 0:00:04.160000
50, 0-0-0 0:00:04.170000
92, 0-0-0 0:00:04.170000
94, 0-0-0 0:00:04.170000
181, 0-0-0 0:00:04.180000
54, 0-0-0 0:00:04.200000
64, 0-0-0 0:00:04.200000
34, 0-0-0 0:00:04.210000
106, 0-0-0 0:00:04.210000
123, 0-0-0 0:00:04.210000
146, 0-0-0 0:00:04.240000
89, 0-0-0 0:00:04.260000
111, 0-0-0 0:00:04.260000
164, 0-0-0 0:00:04.260000
151, 0-0-0 0:00:04.270000
80, 0-0-0 0:00:04.280000
50, 0-0-0 0:00:04.300000
94, 0-0-0 0:00:04.310000
97, 0-0-0 0:00:04.310000
29, 0-0-0 0:00:04.330000
73, 0-0-0 0:00:04.330000
152, 0-0-0 0:00:04.330000
60, 0-0-0 0:00:04.340000
60, 0-0-0 0:00:04.350000
93, 0-0-0 0:00:04.360000
77, 0-0-0 0:00:04.370000
54, 0-0-0 0:00:04.380000
54, 0-0-0 0:00:04.380000
83, 0-0-0 0:00:04.380000
133, 0-0-0 0:00:04.380000
63, 0-0-0 0:00:04.390000
77, 0-0-0 0:00:04.390000
87, 0-0-0 0:00:04.410000
61, 0-0-0 0:00:04.430000
70, 0-0-0 0:00:04.460000
83, 0-0-0 0:00:04.470000
91, 0-0-0 0:00:04.470000
96, 0-0-0 0:00:04.480000
52, 0-0-0 0:00:04.510000
101, 0-0-0 0:00:04.510000
100, 0-0-0 0:00:04.520000
59, 0-0-0 0:00:04.530000
110, 0-0-0 0:00:04.540000
32, 0-0-0 0:00:04.550000
38, 0-0-0 0:00:04.550000
63, 0-0-0 0:00:04.560000
111, 0-0-0 0:00:04.570000
56, 0-0-0 0:00:04.580000
99, 0-0-0 0:00:04.590000
50, 0-0-0 0:00:04.600000
56, 0-0-0 0:00:04.600000
21, 0-0-0 0:00:04.630000
63, 0-0-0 0:00:04.640000
52, 0-0-0 0:00:04.650000
64, 0-0-0 0:00:04.660000
135, 0-0-0 0:00:04.660000
89, 0-0-0 0:00:04.670000
73, 0-0-0 0:00:04.680000
68, 0-0-0 0:00:04.700000
135, 0-0-0 0:00:04.700000
166, 0-0-0 0:00:04.710000
23, 0-0-0 0:00:04.730000
72, 0-0-0 0:00:04.740000
137, 0-0-0 0:00:04.760000
166, 0-0-0 0:00:04.760000
132, 0-0-0 0:00:04.770000
215, 0-0-0 0:00:04.780000
72, 0-0-0 0:00:04.790000
100, 0-0-0 0:00:04.800000
125, 0-0-0 0:00:04.830000
76, 0-0-0 0:00:04.840000
82, 0-0-0 0:00:04.840000
78, 0-0-0 0:00:04.890000
229, 0-0-0 0:00:04.890000
76, 0-0-0 0:00:04.900000
135, 0-0-0 0:00:04.910000
60, 0-0-0 0:00:04.920000
74, 0-0-0 0:00:04.930000
64, 0-0-0 0:00:04.940000
70, 0-0-0 0:00:04.940000
147, 0-0-0 0:00:04.950000
188, 0-0-0 0:00:04.950000
137, 0-0-0 0:00:04.960000
60, 0-0-0 0:00:04.980000
114, 0-0-0 0:00:04.990000
76, 0-0-0 0:00:05.020000
94, 0-0-0 0:00:05.030000
152, 0-0-0 0:00:05.050000
99, 0-0-0 0:00:05.140000
84, 0-0-0 0:00:05.190000
68, 0-0-0 0:00:05.230000
70, 0-0-0 0:00:05.280000
42, 0-0-0 0:00:05.300000
76, 0-0-0 0:00:05.300000
111, 0-0-0 0:00:05.330000
111, 0-0-0 0:00:05.350000
24, 0-0-0 0:00:05.370000
89, 0-0-0 0:00:05.370000
111, 0-0-0 0:00:05.390000
105, 0-0-0 0:00:05.430000
79, 0-0-0 0:00:05.450000
22, 0-0-0 0:00:05.460000
171, 0-0-0 0:00:05.470000
94, 0-0-0 0:00:05.480000
139, 0-0-0 0:00:05.500000
171, 0-0-0 0:00:05.520000
97, 0-0-0 0:00:05.540000
88, 0-0-0 0:00:05.550000
307, 0-0-0 0:00:05.550000
63, 0-0-0 0:00:05.580000
110, 0-0-0 0:00:05.590000
159, 0-0-0 0:00:05.600000
49, 0-0-0 0:00:05.670000
175, 0-0-0 0:00:05.670000
159, 0-0-0 0:00:05.680000
151, 0-0-0 0:00:05.740000
113, 0-0-0 0:00:05.760000
161, 0-0-0 0:00:05.760000
26, 0-0-0 0:00:05.780000
95, 0-0-0 0:00:05.780000
74, 0-0-0 0:00:05.810000
159, 0-0-0 0:00:05.850000
171, 0-0-0 0:00:05.860000
51, 0-0-0 0:00:05.870000
95, 0-0-0 0:00:05.870000
132, 0-0-0 0:00:05.920000
203, 0-0-0 0:00:05.970000
88, 0-0-0 0:00:05.980000
111, 0-0-0 0:00:05.980000
149, 0-0-0 0:00:05.990000
38, 0-0-0 0:00:06.040000
67, 0-0-0 0:00:06.090000
28, 0-0-0 0:00:06.110000
114, 0-0-0 0:00:06.120000
63, 0-0-0 0:00:06.160000
140, 0-0-0 0:00:06.190000
25, 0-0-0 0:00:06.220000
188, 0-0-0 0:00:06.230000
34, 0-0-0 0:00:06.300000
26, 0-0-0 0:00:06.310000
35, 0-0-0 0:00:06.320000
118, 0-0-0 0:00:06.320000
96, 0-0-0 0:00:06.360000
123, 0-0-0 0:00:06.370000
137, 0-0-0 0:00:06.420000
110, 0-0-0 0:00:06.470000
145, 0-0-0 0:00:06.470000
145, 0-0-0 0:00:06.470000
110, 0-0-0 0:00:06.620000
209, 0-0-0 0:00:06.710000
164, 0-0-0 0:00:06.720000
146, 0-0-0 0:00:06.730000
71, 0-0-0 0:00:06.740000
28, 0-0-0 0:00:06.750000
62, 0-0-0 0:00:06.790000
207, 0-0-0 0:00:06.870000
219, 0-0-0 0:00:06.990000
221, 0-0-0 0:00:07.080000
67, 0-0-0 0:00:07.090000
52, 0-0-0 0:00:07.120000
106, 0-0-0 0:00:07.150000
151, 0-0-0 0:00:07.160000
149, 0-0-0 0:00:07.250000
99, 0-0-0 0:00:07.310000
245, 0-0-0 0:00:07.310000
123, 0-0-0 0:00:07.330000
112, 0-0-0 0:00:07.370000
142, 0-0-0 0:00:07.420000
51, 0-0-0 0:00:07.450000
190, 0-0-0 0:00:07.510000
296, 0-0-0 0:00:07.530000
197, 0-0-0 0:00:07.550000
83, 0-0-0 0:00:07.580000
113, 0-0-0 0:00:07.620000
122, 0-0-0 0:00:07.630000
32, 0-0-0 0:00:07.680000
116, 0-0-0 0:00:07.680000
121, 0-0-0 0:00:07.680000
93, 0-0-0 0:00:07.690000
122, 0-0-0 0:00:07.690000
90, 0-0-0 0:00:07.750000
117, 0-0-0 0:00:07.830000
139, 0-0-0 0:00:07.950000
110, 0-0-0 0:00:08
52, 0-0-0 0:00:08.070000
111, 0-0-0 0:00:08.070000
52, 0-0-0 0:00:08.170000
317, 0-0-0 0:00:08.190000
142, 0-0-0 0:00:08.260000
188, 0-0-0 0:00:08.360000
267, 0-0-0 0:00:08.690000
197, 0-0-0 0:00:08.700000
125, 0-0-0 0:00:08.720000
34, 0-0-0 0:00:08.760000
100, 0-0-0 0:00:08.830000
120, 0-0-0 0:00:08.830000
84, 0-0-0 0:00:08.840000
245, 0-0-0 0:00:08.890000
137, 0-0-0 0:00:09.020000
36, 0-0-0 0:00:09.050000
64, 0-0-0 0:00:09.110000
199, 0-0-0 0:00:09.140000
183, 0-0-0 0:00:09.350000
146, 0-0-0 0:00:09.370000
146, 0-0-0 0:00:09.560000
116, 0-0-0 0:00:09.670000
155, 0-0-0 0:00:09.740000
181, 0-0-0 0:00:09.820000
65, 0-0-0 0:00:09.930000
133, 0-0-0 0:00:09.930000
135, 0-0-0 0:00:10.130000
122, 0-0-0 0:00:10.270000
112, 0-0-0 0:00:10.280000
188, 0-0-0 0:00:10.390000
72, 0-0-0 0:00:10.420000
136, 0-0-0 0:00:10.420000
277, 0-0-0 0:00:10.550000
159, 0-0-0 0:00:10.590000
134, 0-0-0 0:00:10.610000
275, 0-0-0 0:00:10.650000
154, 0-0-0 0:00:10.770000
105, 0-0-0 0:00:10.830000
249, 0-0-0 0:00:10.980000
203, 0-0-0 0:00:11.140000
226, 0-0-0 0:00:11.180000
112, 0-0-0 0:00:11.260000
188, 0-0-0 0:00:11.350000
56, 0-0-0 0:00:11.360000
138, 0-0-0 0:00:11.430000
113, 0-0-0 0:00:11.640000
248, 0-0-0 0:00:11.810000
215, 0-0-0 0:00:12.030000
88, 0-0-0 0:00:12.060000
294, 0-0-0 0:00:12.060000
61, 0-0-0 0:00:12.070000
148, 0-0-0 0:00:12.430000
89, 0-0-0 0:00:12.500000
134, 0-0-0 0:00:13.010000
188, 0-0-0 0:00:13.040000
36, 0-0-0 0:00:13.180000
375, 0-0-0 0:00:13.230000
140, 0-0-0 0:00:13.440000
143, 0-0-0 0:00:13.620000
97, 0-0-0 0:00:13.790000
102, 0-0-0 0:00:13.840000
65, 0-0-0 0:00:13.980000
318, 0-0-0 0:00:14.040000
132, 0-0-0 0:00:14.100000
220, 0-0-0 0:00:14.310000
121, 0-0-0 0:00:14.650000
42, 0-0-0 0:00:14.840000
226, 0-0-0 0:00:14.890000
169, 0-0-0 0:00:15.880000
173, 0-0-0 0:00:16.090000
101, 0-0-0 0:00:16.100000
203, 0-0-0 0:00:16.410000
105, 0-0-0 0:00:16.510000
170, 0-0-0 0:00:16.610000
149, 0-0-0 0:00:16.670000
191, 0-0-0 0:00:17.450000
98, 0-0-0 0:00:18.260000
293, 0-0-0 0:00:18.340000
293, 0-0-0 0:00:18.390000
293, 0-0-0 0:00:19.260000
235, 0-0-0 0:00:19.800000
235, 0-0-0 0:00:19.920000
241, 0-0-0 0:00:19.950000
211, 0-0-0 0:00:20.420000
289, 0-0-0 0:00:20.800000
289, 0-0-0 0:00:21.020000
293, 0-0-0 0:00:21.160000
289, 0-0-0 0:00:21.370000
293, 0-0-0 0:00:21.570000
289, 0-0-0 0:00:21.600000
293, 0-0-0 0:00:21.690000
289, 0-0-0 0:00:21.740000
289, 0-0-0 0:00:22.050000
231, 0-0-0 0:00:22.320000
293, 0-0-0 0:00:22.350000
289, 0-0-0 0:00:22.410000
293, 0-0-0 0:00:22.420000
218, 0-0-0 0:00:22.530000
289, 0-0-0 0:00:22.570000
289, 0-0-0 0:00:22.650000
223, 0-0-0 0:00:22.660000
293, 0-0-0 0:00:22.670000
236, 0-0-0 0:00:22.690000
289, 0-0-0 0:00:22.720000
293, 0-0-0 0:00:22.720000
289, 0-0-0 0:00:22.760000
227, 0-0-0 0:00:22.780000
289, 0-0-0 0:00:22.790000
293, 0-0-0 0:00:22.830000
293, 0-0-0 0:00:22.830000
289, 0-0-0 0:00:22.850000
223, 0-0-0 0:00:22.860000
289, 0-0-0 0:00:22.860000
289, 0-0-0 0:00:22.910000
289, 0-0-0 0:00:22.930000
289, 0-0-0 0:00:22.930000
293, 0-0-0 0:00:22.960000
289, 0-0-0 0:00:22.970000
289, 0-0-0 0:00:22.980000
289, 0-0-0 0:00:23.010000
243, 0-0-0 0:00:23.050000
289, 0-0-0 0:00:23.070000
293, 0-0-0 0:00:23.080000
289, 0-0-0 0:00:23.120000
293, 0-0-0 0:00:23.120000
289, 0-0-0 0:00:23.130000
289, 0-0-0 0:00:23.140000
289, 0-0-0 0:00:23.150000
293, 0-0-0 0:00:23.160000
142, 0-0-0 0:00:23.170000
293, 0-0-0 0:00:23.180000
289, 0-0-0 0:00:23.190000
289, 0-0-0 0:00:23.200000
111, 0-0-0 0:00:23.230000
280, 0-0-0 0:00:23.260000
289, 0-0-0 0:00:23.260000
293, 0-0-0 0:00:23.280000
289, 0-0-0 0:00:23.290000
289, 0-0-0 0:00:23.350000
293, 0-0-0 0:00:23.360000
289, 0-0-0 0:00:23.390000
289, 0-0-0 0:00:23.390000
289, 0-0-0 0:00:23.440000
289, 0-0-0 0:00:23.460000
289, 0-0-0 0:00:23.460000
293, 0-0-0 0:00:23.460000
293, 0-0-0 0:00:23.480000
293, 0-0-0 0:00:23.480000
293, 0-0-0 0:00:23.480000
289, 0-0-0 0:00:23.520000
293, 0-0-0 0:00:23.550000
293, 0-0-0 0:00:23.560000
289, 0-0-0 0:00:23.590000
293, 0-0-0 0:00:23.590000
293, 0-0-0 0:00:23.620000
289, 0-0-0 0:00:23.640000
289, 0-0-0 0:00:23.650000
293, 0-0-0 0:00:23.700000
289, 0-0-0 0:00:23.730000
191, 0-0-0 0:00:23.780000
293, 0-0-0 0:00:23.780000
289, 0-0-0 0:00:23.800000
289, 0-0-0 0:00:23.810000
369, 0-0-0 0:00:23.830000
289, 0-0-0 0:00:23.880000
289, 0-0-0 0:00:23.900000
289, 0-0-0 0:00:23.940000
289, 0-0-0 0:00:23.980000
289, 0-0-0 0:00:23.990000
289, 0-0-0 0:00:24.010000
289, 0-0-0 0:00:24.130000
289, 0-0-0 0:00:24.140000
289, 0-0-0 0:00:24.150000
289, 0-0-0 0:00:24.160000
289, 0-0-0 0:00:24.170000
289, 0-0-0 0:00:24.180000
293, 0-0-0 0:00:24.220000
289, 0-0-0 0:00:24.230000
289, 0-0-0 0:00:24.240000
289, 0-0-0 0:00:24.310000
289, 0-0-0 0:00:24.330000
199, 0-0-0 0:00:24.340000
293, 0-0-0 0:00:24.340000
293, 0-0-0 0:00:24.440000
259, 0-0-0 0:00:24.470000
114, 0-0-0 0:00:24.510000
293, 0-0-0 0:00:24.520000
211, 0-0-0 0:00:24.640000
259, 0-0-0 0:00:24.710000
201, 0-0-0 0:00:24.720000
369, 0-0-0 0:00:24.780000
289, 0-0-0 0:00:24.790000
293, 0-0-0 0:00:24.830000
293, 0-0-0 0:00:24.840000
369, 0-0-0 0:00:24.840000
136, 0-0-0 0:00:25.110000
259, 0-0-0 0:00:25.170000
279, 0-0-0 0:00:25.240000
289, 0-0-0 0:00:25.260000
381, 0-0-0 0:00:25.600000
113, 0-0-0 0:00:25.750000
381, 0-0-0 0:00:26.040000
388, 0-0-0 0:00:26.070000
381, 0-0-0 0:00:26.170000
369, 0-0-0 0:00:26.270000
284, 0-0-0 0:00:26.350000
284, 0-0-0 0:00:26.390000
256, 0-0-0 0:00:26.460000
369, 0-0-0 0:00:26.620000
254, 0-0-0 0:00:26.680000
257, 0-0-0 0:00:26.800000
261, 0-0-0 0:00:26.840000
259, 0-0-0 0:00:27.070000
264, 0-0-0 0:00:27.070000
261, 0-0-0 0:00:27.080000
284, 0-0-0 0:00:27.150000
276, 0-0-0 0:00:27.200000
254, 0-0-0 0:00:27.310000
381, 0-0-0 0:00:27.330000
269, 0-0-0 0:00:27.390000
271, 0-0-0 0:00:27.430000
142, 0-0-0 0:00:27.500000
381, 0-0-0 0:00:27.520000
296, 0-0-0 0:00:27.560000
286, 0-0-0 0:00:27.580000
252, 0-0-0 0:00:27.610000
369, 0-0-0 0:00:27.630000
381, 0-0-0 0:00:27.630000
253, 0-0-0 0:00:27.670000
381, 0-0-0 0:00:27.790000
381, 0-0-0 0:00:27.850000
283, 0-0-0 0:00:27.890000
264, 0-0-0 0:00:27.940000
167, 0-0-0 0:00:27.980000
381, 0-0-0 0:00:27.980000
381, 0-0-0 0:00:28.010000
381, 0-0-0 0:00:28.060000
369, 0-0-0 0:00:28.070000
381, 0-0-0 0:00:28.120000
381, 0-0-0 0:00:28.130000
307, 0-0-0 0:00:28.170000
369, 0-0-0 0:00:28.170000
381, 0-0-0 0:00:28.210000
369, 0-0-0 0:00:28.250000
369, 0-0-0 0:00:28.260000
381, 0-0-0 0:00:28.270000
381, 0-0-0 0:00:28.310000
369, 0-0-0 0:00:28.320000
126, 0-0-0 0:00:28.340000
381, 0-0-0 0:00:28.340000
381, 0-0-0 0:00:28.520000
381, 0-0-0 0:00:28.520000
263, 0-0-0 0:00:28.530000
369, 0-0-0 0:00:28.530000
381, 0-0-0 0:00:28.530000
279, 0-0-0 0:00:28.630000
296, 0-0-0 0:00:28.630000
369, 0-0-0 0:00:28.660000
381, 0-0-0 0:00:28.660000
475, 0-0-0 0:00:28.680000
381, 0-0-0 0:00:28.700000
381, 0-0-0 0:00:28.770000
369, 0-0-0 0:00:28.780000
366, 0-0-0 0:00:28.790000
369, 0-0-0 0:00:28.790000
381, 0-0-0 0:00:28.830000
290, 0-0-0 0:00:28.880000
369, 0-0-0 0:00:28.990000
381, 0-0-0 0:00:28.990000
381, 0-0-0 0:00:29.010000
369, 0-0-0 0:00:29.050000
366, 0-0-0 0:00:29.070000
381, 0-0-0 0:00:29.110000
381, 0-0-0 0:00:29.110000
369, 0-0-0 0:00:29.140000
369, 0-0-0 0:00:29.170000
369, 0-0-0 0:00:29.190000
381, 0-0-0 0:00:29.190000
369, 0-0-0 0:00:29.210000
302, 0-0-0 0:00:29.240000
381, 0-0-0 0:00:29.240000
381, 0-0-0 0:00:29.270000
381, 0-0-0 0:00:29.280000
381, 0-0-0 0:00:29.410000
381, 0-0-0 0:00:29.440000
369, 0-0-0 0:00:29.450000
381, 0-0-0 0:00:29.450000
369, 0-0-0 0:00:29.490000
381, 0-0-0 0:00:29.510000
107, 0-0-0 0:00:29.540000
369, 0-0-0 0:00:29.560000
381, 0-0-0 0:00:29.560000
369, 0-0-0 0:00:29.580000
369, 0-0-0 0:00:29.600000
381, 0-0-0 0:00:29.600000
381, 0-0-0 0:00:29.620000
381, 0-0-0 0:00:29.690000
381, 0-0-0 0:00:29.700000
381, 0-0-0 0:00:29.710000
369, 0-0-0 0:00:29.720000
381, 0-0-0 0:00:29.740000
381, 0-0-0 0:00:29.750000
381, 0-0-0 0:00:29.750000
381, 0-0-0 0:00:29.750000
381, 0-0-0 0:00:29.780000
298, 0-0-0 0:00:29.830000
381, 0-0-0 0:00:29.840000
381, 0-0-0 0:00:29.890000
134, 0-0-0 0:00:29.910000
321, 0-0-0 0:00:29.910000
369, 0-0-0 0:00:29.910000
240, 0-0-0 0:00:29.980000
369, 0-0-0 0:00:29.980000
311, 0-0-0 0:00:30.010000
381, 0-0-0 0:00:30.080000
114, 0-0-0 0:00:30.210000
369, 0-0-0 0:00:30.230000
381, 0-0-0 0:00:30.240000
369, 0-0-0 0:00:30.250000
381, 0-0-0 0:00:30.260000
381, 0-0-0 0:00:30.270000
304, 0-0-0 0:00:30.300000
381, 0-0-0 0:00:30.310000
381, 0-0-0 0:00:30.330000
381, 0-0-0 0:00:30.350000
381, 0-0-0 0:00:30.380000
381, 0-0-0 0:00:30.380000
381, 0-0-0 0:00:30.400000
285, 0-0-0 0:00:30.430000
369, 0-0-0 0:00:30.500000
371, 0-0-0 0:00:30.590000
369, 0-0-0 0:00:30.600000
369, 0-0-0 0:00:30.670000
300, 0-0-0 0:00:30.680000
369, 0-0-0 0:00:30.800000
381, 0-0-0 0:00:31.090000
307, 0-0-0 0:00:31.140000
369, 0-0-0 0:00:31.190000
303, 0-0-0 0:00:31.460000
365, 0-0-0 0:00:31.470000
263, 0-0-0 0:00:31.500000
301, 0-0-0 0:00:31.520000
302, 0-0-0 0:00:31.690000
369, 0-0-0 0:00:31.700000
304, 0-0-0 0:00:32
309, 0-0-0 0:00:32.110000
321, 0-0-0 0:00:32.130000
300, 0-0-0 0:00:32.260000
302, 0-0-0 0:00:32.300000
303, 0-0-0 0:00:32.410000
515, 0-0-0 0:00:32.460000
306, 0-0-0 0:00:32.720000
339, 0-0-0 0:00:32.780000
321, 0-0-0 0:00:32.880000
307, 0-0-0 0:00:32.990000
339, 0-0-0 0:00:33.110000
332, 0-0-0 0:00:33.190000
302, 0-0-0 0:00:33.330000
821, 0-0-0 0:00:33.380000
120, 0-0-0 0:00:33.450000
330, 0-0-0 0:00:33.470000
422, 0-0-0 0:00:33.510000
337, 0-0-0 0:00:33.590000
332, 0-0-0 0:00:33.720000
406, 0-0-0 0:00:33.930000
335, 0-0-0 0:00:34.040000
330, 0-0-0 0:00:34.260000
279, 0-0-0 0:00:34.340000
330, 0-0-0 0:00:34.620000
362, 0-0-0 0:00:34.700000
543, 0-0-0 0:00:35.530000
369, 0-0-0 0:00:35.580000
407, 0-0-0 0:00:35.770000
368, 0-0-0 0:00:35.890000
164, 0-0-0 0:00:35.950000
373, 0-0-0 0:00:36.460000
398, 0-0-0 0:00:36.710000
444, 0-0-0 0:00:37.120000
126, 0-0-0 0:00:38.190000
562, 0-0-0 0:00:38.630000
658, 0-0-0 0:00:39.080000
404, 0-0-0 0:00:39.220000
580, 0-0-0 0:00:39.390000
360, 0-0-0 0:00:39.840000
577, 0-0-0 0:00:39.870000
405, 0-0-0 0:00:40.080000
462, 0-0-0 0:00:40.090000
582, 0-0-0 0:00:40.370000
532, 0-0-0 0:00:40.540000
234, 0-0-0 0:00:40.630000
579, 0-0-0 0:00:41.220000
574, 0-0-0 0:00:41.260000
563, 0-0-0 0:00:41.350000
695, 0-0-0 0:00:41.430000
645, 0-0-0 0:00:41.600000
439, 0-0-0 0:00:41.670000
553, 0-0-0 0:00:41.720000
448, 0-0-0 0:00:41.970000
376, 0-0-0 0:00:41.980000
680, 0-0-0 0:00:42.360000
455, 0-0-0 0:00:42.680000
628, 0-0-0 0:00:42.690000
680, 0-0-0 0:00:42.700000
767, 0-0-0 0:00:42.700000
421, 0-0-0 0:00:42.880000
225, 0-0-0 0:00:43.190000
538, 0-0-0 0:00:43.220000
149, 0-0-0 0:00:43.230000
437, 0-0-0 0:00:43.290000
484, 0-0-0 0:00:43.460000
560, 0-0-0 0:00:43.600000
428, 0-0-0 0:00:43.750000
431, 0-0-0 0:00:43.950000
466, 0-0-0 0:00:44.070000
706, 0-0-0 0:00:44.160000
767, 0-0-0 0:00:44.430000
435, 0-0-0 0:00:44.470000
347, 0-0-0 0:00:44.660000
429, 0-0-0 0:00:44.830000
433, 0-0-0 0:00:45.100000
424, 0-0-0 0:00:45.170000
439, 0-0-0 0:00:45.210000
712, 0-0-0 0:00:45.210000
468, 0-0-0 0:00:45.470000
428, 0-0-0 0:00:45.590000
509, 0-0-0 0:00:45.640000
521, 0-0-0 0:00:45.930000
295, 0-0-0 0:00:46.040000
808, 0-0-0 0:00:46.260000
484, 0-0-0 0:00:46.530000
510, 0-0-0 0:00:46.810000
501, 0-0-0 0:00:46.820000
753, 0-0-0 0:00:47.140000
441, 0-0-0 0:00:47.370000
647, 0-0-0 0:00:47.530000
792, 0-0-0 0:00:47.550000
529, 0-0-0 0:00:47.600000
496, 0-0-0 0:00:47.740000
553, 0-0-0 0:00:47.800000
835, 0-0-0 0:00:48.070000
453, 0-0-0 0:00:48.650000
446, 0-0-0 0:00:48.770000
716, 0-0-0 0:00:48.840000
555, 0-0-0 0:00:49.500000
775, 0-0-0 0:00:49.540000
199, 0-0-0 0:00:49.760000
445, 0-0-0 0:00:50.020000
712, 0-0-0 0:00:50.050000
565, 0-0-0 0:00:50.150000
201, 0-0-0 0:00:50.540000
204, 0-0-0 0:00:50.700000
694, 0-0-0 0:00:50.820000
558, 0-0-0 0:00:50.990000
200, 0-0-0 0:00:51.010000
451, 0-0-0 0:00:51.510000
170, 0-0-0 0:00:51.640000
648, 0-0-0 0:00:51.750000
201, 0-0-0 0:00:52.450000
563, 0-0-0 0:00:52.550000
465, 0-0-0 0:00:53.130000
707, 0-0-0 0:00:55.120000
990, 0-0-0 0:00:55.350000
432, 0-0-0 0:00:55.740000
717, 0-0-0 0:00:56.130000
286, 0-0-0 0:00:56.810000
314, 0-0-0 0:00:56.940000
428, 0-0-0 0:00:57.210000
514, 0-0-0 0:00:59.280000
634, 0-0-0 0:01:00.570000
870, 0-0-0 0:01:00.760000
1526, 0-0-0 0:01:01.860000
582, 0-0-0 0:01:02.330000
821, 0-0-0 0:01:02.830000
244, 0-0-0 0:01:03.810000
606, 0-0-0 0:01:03.830000
694, 0-0-0 0:01:05.120000
213, 0-0-0 0:01:07.740000
558, 0-0-0 0:01:11.380000
829, 0-0-0 0:01:11.820000
428, 0-0-0 0:01:13.440000
537, 0-0-0 0:01:13.980000
442, 0-0-0 0:01:16.470000
643, 0-0-0 0:01:18.040000
568, 0-0-0 0:01:18.100000
833, 0-0-0 0:01:18.690000
428, 0-0-0 0:01:18.870000
418, 0-0-0 0:01:19.030000
492, 0-0-0 0:01:19.220000
422, 0-0-0 0:01:19.430000
432, 0-0-0 0:01:19.560000
445, 0-0-0 0:01:20.140000
463, 0-0-0 0:01:20.320000
432, 0-0-0 0:01:20.840000
467, 0-0-0 0:01:20.860000
463, 0-0-0 0:01:20.940000
477, 0-0-0 0:01:20.960000
872, 0-0-0 0:01:21.020000
775, 0-0-0 0:01:21.910000
447, 0-0-0 0:01:22.040000
444, 0-0-0 0:01:22.520000
617, 0-0-0 0:01:24.630000
477, 0-0-0 0:01:25.890000
981, 0-0-0 0:01:26.440000
662, 0-0-0 0:01:27
1006, 0-0-0 0:01:28.540000
512, 0-0-0 0:01:32.270000
279, 0-0-0 0:01:32.990000
530, 0-0-0 0:01:35.300000
132, 0-0-0 0:01:36.100000
600, 0-0-0 0:01:36.350000
317, 0-0-0 0:01:38.160000
1030, 0-0-0 0:01:38.670000
1070, 0-0-0 0:01:39.720000
978, 0-0-0 0:01:41.070000
1170, 0-0-0 0:01:41.110000
1052, 0-0-0 0:01:42.310000
160, 0-0-0 0:01:43.350000
192, 0-0-0 0:01:43.810000
634, 0-0-0 0:01:45.380000
1019, 0-0-0 0:01:45.590000
1121, 0-0-0 0:01:46.900000
466, 0-0-0 0:01:48.190000
128, 0-0-0 0:01:49.820000
200, 0-0-0 0:01:50.500000
974, 0-0-0 0:01:50.800000
589, 0-0-0 0:01:51.300000
997, 0-0-0 0:01:53.730000
309, 0-0-0 0:01:54.170000
263, 0-0-0 0:01:56.970000
169, 0-0-0 0:01:57.800000
1138, 0-0-0 0:02:00.320000
1447, 0-0-0 0:02:00.740000
691, 0-0-0 0:02:00.990000
287, 0-0-0 0:02:01.510000
1273, 0-0-0 0:02:02.920000
323, 0-0-0 0:02:05.520000
402, 0-0-0 0:02:07.640000
203, 0-0-0 0:02:19.930000
870, 0-0-0 0:02:24.980000
989, 0-0-0 0:02:30.790000
258, 0-0-0 0:02:30.800000
1107, 0-0-0 0:02:33.010000
1356, 0-0-0 0:02:45.150000
291, 0-0-0 0:02:48.360000
189, 0-0-0 0:03:06.430000
289, 0-0-0 0:03:07.890000
289, 0-0-0 0:03:15.380000
831, 0-0-0 0:03:35.490000
1071, 0-0-0 0:03:47.680000
538, 0-0-0 0:03:56.720000
1007, 0-0-0 0:03:59.600000
773, 0-0-0 0:04:12.690000
854, 0-0-0 0:04:19.680000
637, 0-0-0 0:04:21.920000
419, 0-0-0 0:04:25.670000
155, 0-0-0 0:04:31.800000
244, 0-0-0 0:04:40.440000
248, 0-0-0 0:04:43.360000
458, 0-0-0 0:04:47.350000
1046, 0-0-0 0:04:50.940000
757, 0-0-0 0:04:59.690000
209, 0-0-0 0:05:02
581, 0-0-0 0:05:20.330000
263, 0-0-0 0:05:22.860000
1023, 0-0-0 0:05:26.870000
838, 0-0-0 0:05:30.960000
222, 0-0-0 0:06:25.640000
264, 0-0-0 0:06:26.040000
1170, 0-0-0 0:06:44.670000
559, 0-0-0 0:07:05.510000
192, 0-0-0 0:08:34.950000
1128, 0-0-0 0:08:39.230000
1230, 0-0-0 0:08:45.860000
218, 0-0-0 0:08:49.960000
430, 0-0-0 0:08:52.030000
1898, 0-0-0 0:09:23.100000
1963, 0-0-0 0:09:24.530000
1056, 0-0-0 0:10:18.580000
495, 0-0-0 0:11:38.320000
1065, 0-0-0 0:12:34.700000
2102, 0-0-0 0:13:46.410000
2102, 0-0-0 0:13:55.730000
2102, 0-0-0 0:13:59.870000
2102, 0-0-0 0:14:08.280000
2166, 0-0-0 0:15:09.930000
3295, 0-0-0 0:15:13.890000
3295, 0-0-0 0:15:27.430000
1414, 0-0-0 0:15:28.870000
3295, 0-0-0 0:15:29.050000
3295, 0-0-0 0:15:29.480000
3295, 0-0-0 0:15:30.610000
3295, 0-0-0 0:15:36.280000
3295, 0-0-0 0:15:37.380000
3295, 0-0-0 0:15:40.770000
3295, 0-0-0 0:15:42.630000
3295, 0-0-0 0:15:43.480000
3295, 0-0-0 0:15:45.720000
3295, 0-0-0 0:15:53.520000
3548, 0-0-0 0:15:55.290000
3548, 0-0-0 0:15:59.770000
3295, 0-0-0 0:16:00.190000
2148, 0-0-0 0:16:00.280000
3295, 0-0-0 0:16:01.260000
3295, 0-0-0 0:16:03.760000
3295, 0-0-0 0:16:08.480000
639, 0-0-0 0:16:09.920000
2148, 0-0-0 0:16:10.450000
3713, 0-0-0 0:16:34.210000
1325, 0-0-0 0:16:39.130000
644, 0-0-0 0:19:00.670000
226, 0-0-0 0:19:00.770000
1148, 0-0-0 0:20:07.450000
1027, 0-0-0 0:27:26.720000
3925, 0-0-0 0:49:10.340000
1275, 0-0-0 0:49:14.300000
1584, 0-0-0 1:58:33
